"model","fitting_time","test_rsquared"
"Lasso",0.659999999999854,0.673112733339692
"EN",0.670000000000073,0.673197228642687
"Ridge",0.699999999999818,0.661643389504853
"RF",112.2,0.833254482946618
